{"stats":{"minecraft:killed":{"minecraft:cow":1},"minecraft:custom":{"minecraft:time_since_rest":4042,"minecraft:crouch_one_cm":1197,"minecraft:play_time":4042,"minecraft:sprint_one_cm":8561,"minecraft:walk_one_cm":24667,"minecraft:sneak_time":210,"minecraft:mob_kills":1,"minecraft:boat_one_cm":206,"minecraft:jump":41,"minecraft:damage_dealt":100,"minecraft:time_since_death":4042,"minecraft:total_world_time":4042,"minecraft:interact_with_crafting_table":1,"minecraft:fall_one_cm":896,"minecraft:fly_one_cm":15587},"minecraft:used":{"minecraft:acacia_boat":1,"minecraft:crafting_table":1,"epicfight:uchigatana":6},"minecraft:mined":{"minecraft:grass":5,"minecraft:acacia_log":3,"minecraft:acacia_leaves":6,"minecraft:sugar_cane":2},"minecraft:picked_up":{"minecraft:stick":3,"minecraft:acacia_log":3,"minecraft:beef":2,"minecraft:sugar_cane":7},"minecraft:crafted":{"minecraft:crafting_table":1,"minecraft:air":13}},"DataVersion":2975}